nSites,smallestTotalDistanceBruteForce,elapsedTimeBruteForce,smallestTotalDistanceTSP,elapsedTimeTSP
3,0.62887,0.00000,0.62887,22.60827
4,1.59673,0.00000,1.59673,24.11281
5,2.41341,0.00000,2.41341,25.61153
6,2.79192,0.00199,2.79192,29.98176
7,2.96497,0.01304,2.96497,29.82367
8,3.02209,0.10129,3.03730,33.89277
9,3.06080,0.92184,3.17661,36.04915
10,3.06193,9.41851,3.17774,39.79063
11,3.07254,103.55862,3.07254,41.51532
12,3.11095,1265.89700,3.24298,45.28936
